nr_zona,nr_local,nm_local,endereco,bairro,lat,lon,year_source
144,1724,CENTRO CULTURAL CAUBY PEIXOTO,"ALAMEDA SÃO BOAVENTURA, 263",FONSECA,-22.8803376,-43.1032062,2026
144,1651,PARÓQUIA SÃO LOURENÇO,RUA BENJAMIN CONSTANT S/N,FONSECA,-22.881317,-43.1088379,2026
71,1414,UNIVERSIDADE SALGADO DE OLIVEIRA - BL B (PRÓXIMO AO GUANABARA),RUA MARECHAL DEODORO 263,CENTRO,-22.8893447,-43.1172001,2026
71,1660,FACULDADE DE DIREITO DA UFF - UFF - DIREITO 1,RUA PRESIDENTE PEDREIRA 62,INGÁ,-22.9035832,-43.1258853,2026
71,1546,UNIVERSIDADE SALGADO DE OLIVEIRA - BL A,RUA MARECHAL DEODORO 217,CENTRO,-22.8894749,-43.1186087,2026
71,1317,ESCOLA ESTADUAL BALTAZAR BERNARDINO,RUA MARIZ E BARROS 444,SANTA ROSA,-22.9032359,-43.1012931,2026
144,1236,COLÉGIO ESTADUAL MULLULO DA VEIGA,"RUA  VEREADOR JOSÉ VICENTE SOBRINHO, 505",ENGENHOCA,-22.8708282,-43.0988892,2026
72,1732,CLUBE NAVAL,AVENIDA CARLOS ERMELINDO MARINS 68,JURUJUBA,-22.935737,-43.1068139,2026
199,1082,UMEI DR PAULO CESAR DE ALMEIDA PIMENTEL,RUA ANTONIO LUIZ SAIÃO CAMPO BELO,ITAIPU,-22.9614459,-43.0327165,2026
71,1600,INSTITUTO DE EDUCAÇÃO PROFESSOR ISMAEL COUTINHO - IEPIC,"TRAVESSA MANOEL CONTINENTINO, 31",SÃO DOMINGOS,-22.8989767,-43.1271052,2026
199,1015,COUNTRY CLUB DE NITEROI,RUA CHILE 135,VILA PROGRESSO,-22.8970192,-43.0347113,2026
199,1155,COLÉGIO ITAPUCA,"AV. ERNANI DE FARIAS ALVES, N 124 TREVO DE PIRATININGA",PIRATININGA,-22.9437854,-43.0593249,2026
199,1481,ESCOLA ESTADUAL SOUZA SOARES,"RODOVIA AMARAL PEIXOTO, KM 10",RIO DO OURO,-22.9073849,-42.9712931,2026
144,1090,ESCOLA TÉCNICA ESTADUAL HENRIQUE LAGE,RUA GUIMARÃES JUNIOR 182,BARRETO,-22.8621355,-43.0979546,2026
72,1473,COLÉGIO FORUM CULTURAL,ESTRADA FRANCISCO DA CRUZ NUNES 2454,CANTAGALO,-22.9163184,-43.0490094,2026
72,1368,ESCOLA MUNICIPAL VILA COSTA MONTEIRO,RUA ITITIOCA S/N,ITITIOCA,-22.8963335,-43.077802,2026
144,1317,IGREJA BATISTA BETEL DE NITERÓI,RUA DANIEL TORRES 72,ENGENHOCA,-22.8716138,-43.096026,2026
71,1678,LICEU NILO PEÇANHA,AV ERNANI DO AMARAL PEIXOTO 707,CENTRO,-22.8935707,-43.1165611,2026
71,1392,FACULDADE DE VETERINARIA DA UFF,RUA VITAL BRASIL FILHO 64,VITAL BRASIL,-22.904908,-43.098407,2026
144,1686,COLÉGIO DA POLÍCIA MILITAR,"ALAMEDA SÃO BOAVENTURA, 1134",FONSECA,-22.8818063,-43.0820149,2026
71,1333,PARÓQUIA NOSSA SENHORA AUXILIADORA - CENTRO COMUNITÁRIO,"RUA SANTA ROSA, 216",SANTA ROSA,-22.9020239,-43.0994239,2026
71,1325,ESCOLA ESTADUAL GUILHERME BRIGGS,RUA MARIO VIANNA 625,SANTA ROSA,-22.9053667,-43.0895767,2026
199,1287,ESCOLA MUNICIPAL PROF MARCOS WALDEMAR DE FREITAS REIS,"RUA ANTONIO LUIZ SAIÃO, S/N ITAIPU",ITAIPU,-22.9615628,-43.0330724,2026
199,1244,COLÉGIO LAPLACE,"RUA MANOEL PACHECO DE CARVALHO, N 80",PIRATININGA,-22.9425434,-43.05605,2026
72,1040,COLÉGIO ESTADUAL DAVID CAPISTRANO,"RUA PROFESSORA MARIA MENDONÇA PEIXOTO, S/N",SANTA BARBARA,-22.8768468,-43.0480155,2026
72,1708,ESCOLA MUNICIPAL JÚLIA CORTINES,RUA LOPES TROVAO 1-CAMPO DE SÃO BENTO S/N,ICARAÍ,-22.9043592,-43.1086717,2026
199,1163,ANDEF (EX FAETEC),ESTRADA VELHA DE MARICA 4830,RIO DO OURO,-22.8896379,-42.9978497,2026
72,1759,COLÉGIO MV1,RUA GAVIÃO PEIXOTO 398,ICARAÍ,-22.9079111,-43.1058651,2026
199,1341,COLÉGIO OBJETIVO CAMBOINHAS,"RUA PROFESSOR ÁLVARO CAETANO, 908",CAMBOINHAS,-22.9537053,-43.0584356,2026
199,1066,COLÉGIO CENECISTA JULIO CESAR SOUZA BALTHAREJO,"ESTRADA FRANCISCO DA CRUZ NUNES , 7245 - ITAIPU",ITAIPU,-22.9646939,-43.0332117,2026
144,1732,COLÉGIO ATUAÇÃO,"AVENIDA PROFESSOR JOÃO BRASIL, 130",FONSECA,-22.8795726,-43.100866,2026
144,1210,UMEI THEREZINHA KALIL PETRUS (ANTIGO TIO SAM),RUA BENJAMIM CONSTANT 562,BARRETO,-22.8719306,-43.104502,2026
144,1104,ESCOLA MUNICIPAL ALTIVO CESAR,"RUA DR. LUIZ PALMIER, 25",BARRETO,-22.8645343,-43.0995714,2026
199,1104,CURSO CNA- PIRATININGA,RUA ERNANI DE FARIAS ALVES 152,PIRATININGA,-22.9441523,-43.0589254,2026
199,1317,COLÉGIO PAULO FREIRE,"AVENIDA IRENE LOPES SODRÉ, N22",ENGENHO DO MATO,-22.9500178,-43.0246246,2026
144,1554,ESCOLA MUNICIPAL PROFESSOR PAULO FREIRE,RUA SOARES DE MIRANDA 77,FONSECA,-22.8828529,-43.0824987,2026
72,1635,BANCO BRADESCO,RUA GAVIAO PEIXOTO 108,ICARAÍ,-22.9031207,-43.1110165,2026
71,1430,COLEGIO ESTADUAL AURELINO LEAL,RUA PRESIDENTE PEDREIRA 79,INGÁ,-22.9033321,-43.1254512,2026
144,1406,COLÉGIO NITERÓI,"RUA  VEREADOR JOSÉ VICENTE SOBRINHO, 269",ENGENHOCA,-22.8706133,-43.1018717,2026
72,1660,CLUBE CENTRAL,"AVENIDA JORNALISTA ALBERTO FRANCISCO TORRES,  335",ICARAÍ,-22.9075784,-43.111789,2026
71,1260,INSTITUTO ABEL,AV. ROBERTO SILVEIRA 29,ICARAÍ,-22.9004168,-43.1094942,2026
144,1490,IGREJA BATISTA DO FONSECA,ALAMEDA SAO BOAVENTURA  937,FONSECA,-22.8810878,-43.0865383,2026
71,1015,CENTRO EDUCACIONAL DE NITEROI - CENTRINHO,RUA ITAGUAI 173,SANTA ROSA,-22.8965191,-43.1018339,2026
71,1295,COLEGIO SALESIANO SANTA ROSA,RUA SANTA ROSA 207,SANTA ROSA,-22.9016745,-43.0996973,2026
71,1481,ESCOLA MUNICIPAL MAESTRO HEITOR VILLA-LOBOS (''COLÉGIO NOVO''),RUA SALO BRAND S/N,ILHA DA CONCEIÇÃO,-22.8731482,-43.1156463,2026
72,1740,COLÉGIO ZEROHUM,"RUA ARY PARREIRAS, 73",ICARAÍ,-22.9111671,-43.1073245,2026
72,1767,COLÉGIO ASSUNÇÃO,RUA GENERAL RONDON 842,SÃO FRANCISCO,-22.9208239,-43.0926525,2026
72,1180,ESCOLA MUNICIPAL RACHIDE DA GLORIA SALIM SAKER,RUA JANDIRA PEREIRA 620,SANTA BARBARA,-22.8766134,-43.0488967,2026
199,1198,CIEP 448 RUY FRAZÃO SOARES,ESTRADA DO ENGENHO DO MATO S/N - PRACA,ITAIPU,-22.9356576,-43.0092644,2026
72,1112,ESCOLA ESTADUAL LEOPOLDO FROES,RUA REVERENDO ARMANDO FERREIRA  S/N,LARGO DA BATALHA,-22.9100474,-43.0677553,2026
144,1473,ESCOLA ESTADUAL JOSE BONIFACIO,RUA CARLOS MAXIMIANO 20,FONSECA,-22.8831949,-43.1060172,2026
72,1619,COLEGIO ESTADUAL JOAQUIM TAVORA,PRAÇA PREF.FERRAZ-CAMPO DE SAO BENTO S/N,ICARAÍ,-22.9048788,-43.1081976,2026
144,1570,HORTO DO FONSECA,ALAMEDA SAO BOAVENTURA 770,FONSECA,-22.8823618,-43.0907682,2026
71,1694,RIO CRICKET,RUA FAGUNDES VARELA 637,INGÁ,-22.8997052,-43.1133665,2026
199,1368,UMEI PROFESSORA NINA RITA TORRES,"AVENIDA DOUTOR ACÚRCIO TORRES, 691",PIRATININGA,-22.9519115,-43.0861872,2026
199,1120,COLÉGIO ESTADUAL ALMIRANTE TAMANDARÉ,AV. ACURCIO TORRES S/N,PIRATININGA,-22.9512083,-43.0916732,2026
71,1449,COLÉGIO ESTADUAL ZULEIKA RAPÔSO VALLADARES (''COLÉGIO VELHO''),RUA SALO BRAND S/N,ILHA DA CONCEIÇÃO,-22.8729269,-43.1147506,2026
72,1074,COLEGIO ESTADUAL PAULO ASSIS RIBEIRO,ESTRADA CAETANO MONTEIRO 814,BADU,-22.9068537,-43.0573891,2026
71,1520,LOJA MAÇÔNICA EVOLUÇÃO 2,RUA SANTA CLARA 77,PONTA D'AREIA,-22.8825872,-43.122934,2026
71,1465,CENTRO UNIVERSITÁRIO ANHANGUERA (ANTIGO PLÍNIO LEITE),RUA VISCONDE DO RIO BRANCO 123,CENTRO,-22.8869267,-43.1245632,2026
72,1546,COLÉGIO GOMES PEREIRA,AVENIDA RUI BARBOSA 1250,LARGO DA BATALHA,-22.9081863,-43.0665152,2026
71,1309,CURSO MARLY CURY,AV. SETE DE SETEMBRO 165,SANTA ROSA,-22.9054777,-43.1019227,2026
72,1449,CIEP 450 - BADU,ESTRADA CAETANO MONTEIRO S/N,BADU,-22.9071974,-43.0566124,2026
199,1112,COLÉGIO SALESIANO REGIÃO OCEÂNICA,"RUA DOUTOR CORNÉLIO DE MELLO JÚNIOR, 117",PIRATININGA,-22.9393022,-43.0618731,2026
144,1597,ESCOLA ESTADUAL HILARIO RIBEIRO,ALAMEDA SAO BOAVENTURA 794,FONSECA,-22.8813893,-43.0901745,2026
72,1570,IGREJA DO SANTUARIO NACIONAL DAS ALMAS,RUA ALVARES DE AZEVEDO 237,ICARAÍ,-22.9004522,-43.1107182,2026
144,1171,ESCOLA ESTADUAL MENEZES VIEIRA,RUA GENERAL CASTRIOTO S/N,BARRETO,-22.8693286,-43.1032004,2026
72,1597,COLÉGIO PONTO DE ENSINO,RUA OSWALDO CRUZ 32,ICARAÍ,-22.9092421,-43.1095209,2026
71,1651,FACULDADE DE ENFERMAGEM DA UFF,RUA DR CELESTINO 74,CENTRO,-22.895302,-43.1167706,2026
199,1511,UMEI VALE FELIZ,RUA  RENATO PEREIRA MACHADO,ENGENHO DO MATO,-22.9425777,-43.0178824,2026
144,1627,ESCOLA ESTADUAL DOUTOR JAYME MEMORIA,RUA NORONHA TORREZAO 625,CUBANGO,-22.88949,-43.0937712,2026
72,1538,ESCOLA CATAVENTO ESPAÇO DE EDUCAÇÃO,"ESTRADA WASHINGTON LUIZ, 224",SAPÊ,-22.9024713,-43.0635188,2026
144,1589,COLÉGIO NOSSA SENHORA DAS MERCÊS,ALAMEDA SAO BOAVENTURA 297,FONSECA,-22.880345,-43.1023535,2026
71,1104,INSTITUTO MAIA VINAGRE,RUA NORONHA TORREZÃO 68,SANTA ROSA,-22.8976844,-43.1021103,2026
199,1260,COLÉGIO PLUZ,"RUA NICARÁGUA, 20",SERRA GRANDE,-22.9287514,-43.0124453,2026
144,1031,COLÉGIO PEDRO II CAMPUS NITERÓI,RUA ASSIS DE VASCONCELOS S/N,BARRETO,-22.8685685,-43.1037833,2026
71,1562,COLEGIO ESTADUAL RAUL VIDAL,AVENIDA FELICIANO SODRE 21,CENTRO,-22.8862372,-43.1242688,2026
144,1163,COLÉGIO ESTADUAL CONSELHEIRO MACEDO SOARES,RUA DR. MARCH 392,BARRETO,-22.8622231,-43.0924035,2026
71,1643,JARDIM DE INFÂNCIA ALBERTO DE OLIVEIRA,RUA EVARISTO DA VEIGA 108,CENTRO,-22.8927568,-43.11592,2026
72,1171,ESCOLA MUNICIPAL ANTONIO COUTINHO DE AZEVEDO,AV DES NESTOR RODRIGUES PERLINGEIRO S/N,SANTA BARBARA,-22.8756043,-43.04869,2026
72,1554,CENTRO EDUCACIONAL GIRASSÓIS,"RUA JORNALISTA SILVIA TOMÉ, 820 (ANTIGA ESTRADA CAETANO MONTEIRO)",LARGO DA BATALHA,-22.9077414,-43.0652722,2026
71,1511,FACULDADE DE ADMINISTRAÇÃO E CIÊNCIAS CONTÁBEIS (VALONGUINHO),RUA MÁRIO SANTOS BRAGA S/N,CENTRO,-22.8967413,-43.1252439,2026
199,1090,COLÉGIO ESTADUAL PROFESSORA ALCINA RODRIGUES LIMA,"ESTRADA FRANCISCO DA CRUZ NUNES, S/N",ITAIPU,-22.9528491,-43.0285072,2026
72,1716,QUINTAL TRAVESSIAS (ANTIGA ESCOLA VIVINFÂNCIA),RUA GAVIÃO PEIXOTO 384,ICARAÍ,-22.9079727,-43.1056898,2026
144,1716,ASSOCIAÇÃO FLUMINENSE DE AMPARO AOS CEGOS (AFAC),"RUA PADRE LEANDRO, 18",FONSECA,-22.8821138,-43.1089716,2026
72,1147,ESCOLA MUNICIPAL VERA LUCIA MACHADO,RUA ALDEMAR DE PAIVA LOTE 7 E 8,BADU,-22.9045,-43.0500355,2026
71,1597,ESCOLA MUNICIPAL SANTOS DUMONT,RUA MANOEL CORREIA S/N,FÁTIMA,-22.8954125,-43.1094692,2026
144,1457,ESCOLA ESTADUAL MACHADO DE ASSIS,RUA DESEMBARGADOR LIMA CASTRO 97,FONSECA,-22.8836374,-43.0857092,2026
199,1384,UMEI OLGA BENÁRIO PRESTES,"PRAÇA IRENE DE MATOS, S/N",ENGENHO DO MATO,-22.9354086,-43.0086653,2026
144,1600,CIEP 251 - DONA MARIA PORTUGAL,RODOVIA AMARAL PEIXOTO KM 3,BALDEADOR,-22.877013,-43.0557658,2026
72,1520,ESCOLA MUNICIPAL LEVI CARNEIRO,ESTRADA WASHINGTON LUIS 488,SAPÊ,-22.8961721,-43.0583864,2026
144,1511,COP REDE DE ENSINO (ANTIGO COLÉGIO OPÇÃO),"ALAMEDA SÃO BOAVENTURA, 824",FONSECA,-22.8814198,-43.0895121,2026
72,1562,ESCOLA MUNICIPAL HELENA ANTIPOFF,RUA RUI BARBOSA 710,SÃO FRANCISCO,-22.9129237,-43.0786396,2026
199,1350,ESCOLA MUNICIPAL MARALEGRE,"RUA DR. WALDIR COSTA, LOTES 10 E 11",CAFUBÁ,-22.9362723,-43.0724233,2026
72,1589,INSTITUTO GAY-LUSSAC,RUA MARIA CALDAS 35,SÃO FRANCISCO,-22.9168331,-43.0892838,2026
199,1031,ESCOLA MUNICIPAL HONORINA DE CARVALHO,RUA PROF. JOSE PECANHA S/N,MARIA PAULA,-22.882289,-43.0265693,2026
144,1449,INSTITUTO SÃO BENTO DE NITEROI,RUA VEREADOR DUQUE ESTRADA 28,SANTA ROSA,-22.8968349,-43.1000967,2026
72,1775,COLÉGIO ESTADUAL CIZÍNIO SOARES PINTO,RUA PRESIDENTE ROOSEVELT 2,SÃO FRANCISCO,-22.9147594,-43.093934,2026
71,1619,COLEGIO SAO VICENTE DE PAULO,RUA MIGUEL DE FRIAS 123,ICARAÍ,-22.902041,-43.1146235,2026
72,1627,ESCOLA MUNICIPAL PROFESSORA LUCIA MARIA SILVEIRA ROCHA,"AV. CARLOS ERMELINDO MARINS, 34",JURUJUBA,-22.9317575,-43.1166302,2026
199,1139,ESCOLA MUNICIPAL FRANCISCO PORTUGAL NEVES,"RUA MANOEL PACHECO DE CARVALHO, N 14 TREVO DE PIRATININGA",PIRATININGA,-22.942363,-43.056665,2026
71,1554,FACULDADE DE ENGENHARIA DA UFF,RUA PASSO DA PATRIA 156,SÃO DOMINGOS,-22.903848,-43.1302712,2026
199,1074,COLÉGIO CURSO ZEROHUM ( ANT GAUSS),"AV. FREI FABIANO, 155 - ITAIPU",ITAIPU,-22.9427133,-43.0519956,2026
72,1015,INSTITUTO JCA,"RODOVIA PREFEITO JOÃO SAMPAIO, 2501",SANTA BARBARA,-22.882301,-43.0585179,2026
72,1651,PH COLÉGIO,RUA ALVARES DE AZEVEDO 237,ICARAÍ,-22.9006508,-43.1110377,2026
144,1708,CENTRO EDUCACIONAL ESTAÇÃO DO APRENDER,RUA DR. SARDINHA 97,SANTA ROSA,-22.8991833,-43.0991905,2026
199,1392,CULTURA INGLESA EM ITAIPU,"ESTRADA FRANCISCO DA CRUZ NUNES, N 6956",ITAIPU,-22.9413685,-43.0533061,2026
72,1724,AABB,RUA HÉLIO DA SILVA CARNEIRO 78,SÃO FRANCISCO,-22.9172823,-43.0826083,2026
71,1627,REITORIA DA UFF,RUA MIGUEL DE FRIAS 9,ICARAÍ,-22.9031771,-43.1164314,2026
72,1783,SOCIEDADE BRASILEIRA DE CULTURA INGLESA,RUA OTAVIO CARNEIRO 23,ICARAÍ,-22.9075527,-43.1111859,2026
199,1406,CANADIAN SCHOOL OF NITERÓI - EXPANSÃO ITACOATIARA,"RUA ANTONIO NASCIMENTO COTTAS, QD 16, LT 7,R.N 122",ITACOATIARA,-22.9619895,-43.0348161,2026
144,1562,LBV LEGIÃO DA BOA VONTADE,ALAMEDA SÃO BOAVENTURA 474,FONSECA,-22.8811009,-43.0979899,2026
71,1244,ESCOLA ESTADUAL MANUEL DE ABREU,RUA LOPES TROVAO 287-A,ICARAÍ,-22.9023086,-43.1071569,2026
199,1325,ESCOLA MUNICIPAL SÍTIO DO IPÊ,RUA PROF. JOSÉ PEÇANHA,MARIA PAULA,-22.8821134,-43.0267087,2026
144,1503,ESCOLA ESTADUAL SÃO DOMINGOS SÁVIO,RUA MARTINS TORRES 223,SANTA ROSA,-22.8988024,-43.0928214,2026
72,1643,CENTRO MODERNO ALZIRA BITTENCOURT,"RUA MEM DE SÁ, 71",ICARAÍ,-22.9012326,-43.110746,2026
144,1694,ESPAÇO DO SABER,ALAMEDA SÃO BOAVENTURA 887,FONSECA,-22.8810443,-43.087791,2026
199,1465,COLÉGIO CURSO PENSI - ITAIPU,"RUA JORNALISTA NEWTON BRAGA MELO, QD 1, LT 3,4 E 5",ITAIPU,-22.9421824,-43.03776,2026
199,1503,ITACOATIARA PAMPO CLUBE,"AV. BEIRA-MAR, 205",ITACOATIARA,-22.9738752,-43.0376998,2026
71,1422,CLUBE PORTUGUES DE NITEROI,RUA PROFESSOR LARA VILELA 176,SÃO DOMINGOS,-22.9021482,-43.1274594,2026
199,1457,COLÉGIO CURSO INTELLECTUS - REGIÃO OCEÂNICA,"ESTRADA FRANCISCO DA CRUZ NUNES , 224 A",PIRATININGA,-22.9356743,-43.0621595,2026
199,1252,CIEP 307 DJANIRA,AV. EWERTON XAVIER S/N - PRACA,VÁRZEA DAS MOÇAS,-22.910323,-42.9852487,2026
199,1023,ESCOLA MUNICIPAL FELISBERTO DE CARVALHO,ESTRADA CAETANO MONTEIRO 896,VILA PROGRESSO,-22.8970371,-43.0392212,2026
72,1678,ÁGUAS DE NITERÓI,RUA LEMOS CUNHA 510,ICARAÍ,-22.908792,-43.1031066,2026
199,1490,ME NINAR CRECHE ESCOLA,RUA GERMANO FABER 82,ITAIPU,-22.9412281,-43.043798,2026
71,1570,COLÉGIO UNIVERSÍTÁRIO DA UFF (CIEP GRAGOATÁ),RUA ALEXANDRE MOURA 8,SÃO DOMINGOS,-22.900281,-43.1316649,2026
199,1295,UMEI PROFA ODETE ROSA DA MOTA,ESTRADA FRANCISCO DA CRUZ NUNES S/N (PRÓXIMO AO CORPO DE BOMBEIROS),ITAIPU,-22.9532368,-43.02859,2026
199,1473,COLÉGIO COLABORE,"ESTRADA MARINO NUNES VIEIRA, 340",VÁRZEA DAS MOÇAS,-22.9131583,-42.9846125,2026
72,1694,ESCOLA MUNICIPAL PROFESSOR PAULO DE ALMEIDA CAMPOS,"RUA PEREIRA DA SILVA, 50",ICARAÍ,-22.9047439,-43.1131555,2026
199,1422,CANADIAN SCHOOL OF NITERÓI - PIRATININGA,"RUA AMÉRICO ALVES DA COSTA, 363",PIRATININGA,-22.9385068,-43.0658055,2026
199,1430,ACANTO ESPAÇO ESCOLA,"RUA ROBERTO PEIXOTO, 38",ITAIPU,-22.9530379,-43.0261348,2026
,1279,INSTITUTO FOKUS (ANTIGO INTERAÇÃO CRECHE ESCOLA),"AVENIDA PROF CARLOS NELSON FERREIRA SANTOS(ANT AVENIDA 5) , 658",CAMBOINHAS,-22.9542456,-43.062822,legacy
,1201,OFICINAS DO SENAI,RUA GALVAO S/N,BARRETO,-22.8614396,-43.1026046,legacy
,1058,INSTITUTO SÃO BENTO DE NITEROI,RUA VEREADOR DUQUE ESTRADA 28,,-22.8970069,-43.0985232,legacy
,1376,UNIVERSIDADE SALGADO DE OLIVEIRA - BL A,RUA MARECHAL DEODORO 217,,-22.8898672,-43.1221924,legacy
