candidate_key,ano,cargo,tipo_eleicao,partido,situacao_candidatura
hugo,2010,DEPUTADO FEDERAL,Geral,PSC,APTO
hugo,2014,DEPUTADO FEDERAL,Geral,PROS,APTO
hugo,2016,VICE-PREFEITO,Municipal,PSB,APTO
hugo,2018,DEPUTADO FEDERAL,Geral,PSD,APTO
hugo,2022,DEPUTADO FEDERAL,Geral,PSD,APTO
hugo,2026,DEPUTADO FEDERAL,Geral,PSD,#NE
felipe,2010,DEPUTADO ESTADUAL,Geral,PDT,APTO
felipe,2012,PREFEITO,Municipal,PDT,APTO
felipe,2016,PREFEITO,Municipal,PSB,APTO
felipe,2018,DEPUTADO ESTADUAL,Geral,PSD,APTO
felipe,2020,PREFEITO,Municipal,PSD,APTO
felipe,2022,DEPUTADO FEDERAL,Geral,PSD,APTO
psd,2012,AGREGADO,Municipal,PSD,PARTIDO_ATIVO
psd,2014,AGREGADO,Geral,PSD,PARTIDO_ATIVO
psd,2016,AGREGADO,Municipal,PSD,PARTIDO_ATIVO
psd,2018,AGREGADO,Geral,PSD,PARTIDO_ATIVO
psd,2020,AGREGADO,Municipal,PSD,PARTIDO_ATIVO
psd,2022,AGREGADO,Geral,PSD,PARTIDO_ATIVO
psd,2024,AGREGADO,Municipal,PSD,PARTIDO_ATIVO
psd,2026,AGREGADO,Geral,PSD,PARTIDO_ATIVO
