ano,cargo,total_votos,n_candidatos,top1,top2,top3
2010,Governador,319163,8,"SERGIO DE OLIVEIRA CABRAL SANTOS FILHO (141,599)","FERNANDO PAULO NAGLE GABEIRA (92,611)","VOTO NULO (39,146)"
2010,Senador,638326,13,"LUIZ LINDBERGH FARIAS FILHO (129,950)","VOTO NULO (110,591)","MARCELO BEZERRA CRIVELLA (83,173)"
2010,Deputado Federal,319163,787,"SERGIO ZVEITER (29,079)","VOTO NULO (29,044)","VOTO BRANCO (23,783)"
2010,Deputado Estadual,319163,1335,"MARCELO RIBEIRO FREIXO (28,399)","FELIPE DOS SANTOS PEIXOTO (24,639)","VOTO NULO (23,913)"
2012,Prefeito,615281,7,"RODRIGO NEVES BARRETO (237,830)","FELIPE DOS SANTOS PEIXOTO (207,865)","VOTO NULO (66,663)"
2012,Vereador,316032,436,"VOTO NULO (23,071)","VOTO BRANCO (17,184)","PARTIDO DOS TRABALHADORES (8,019)"
2014,Governador,612093,9,"LUIZ FERNANDO DE SOUZA (254,138)","MARCELO BEZERRA  CRIVELLA (138,794)","VOTO NULO (83,355)"
2014,Senador,307732,10,"ROMÁRIO DE SOUZA FARIA (166,131)","VOTO NULO (41,042)","CESAR EPITACIO MAIA (39,647)"
2014,Deputado Federal,307732,870,"VOTO NULO (33,493)","VOTO BRANCO (26,089)","JAIR MESSIAS BOLSONARO (21,828)"
2014,Deputado Estadual,307732,1395,"VOTO NULO (28,995)","MARCELO RIBEIRO FREIXO (26,990)","VOTO BRANCO (22,196)"
2016,VEREADOR,304086,416,"VOTO NULO (34,237)","VOTO BRANCO (15,175)","TALÍRIA PETRONE SOARES (5,121)"
2016,PREFEITO,592295,6,"RODRIGO NEVES BARRETO (240,004)","FELIPE DOS SANTOS PEIXOTO (162,270)","VOTO NULO (108,703)"
2018,Deputado Estadual,316247,1865,"VOTO NULO (24,864)","FLAVIO ALVES SERAFINI (23,396)","VOTO BRANCO (17,190)"
2018,Deputado Federal,316247,1017,"CARLOS ROBERTO COELHO DE MATTOS JÚNIOR (31,435)","VOTO NULO (24,904)","VOTO BRANCO (16,905)"
2018,Senador,632494,19,"FLÁVIO NANTES BOLSONARO (138,594)","VOTO NULO (91,690)","CESAR EPITÁCIO MAIA (82,412)"
2018,Governador,628725,14,"WILSON JOSÉ WITZEL (232,946)","EDUARDO DA COSTA PAES (180,229)","VOTO NULO (67,992)"
2020,Vereador,281591,726,"VOTO NULO (19,083)","VOTO BRANCO (11,887)","Partido Democrático Trabalhista (5,690)"
2020,Prefeito,281591,11,"AXEL SCHMIDT GRAEL (151,846)","VOTO NULO (26,501)","FLAVIO ALVES SERAFINI (23,846)"
2022,Deputado Federal,326508,983,"CARLOS ROBERTO COELHO DE MATTOS JUNIOR (22,508)","TALÍRIA PETRONE SOARES (22,054)","VOTO BRANCO (15,597)"
2022,Deputado Estadual,326508,1352,"FLAVIO ALVES SERAFINI (20,812)","VOTO BRANCO (17,895)","JOSE VITOR VIEIRA BISSONHO JUNIOR (16,718)"
2022,Governador,326508,11,"RODRIGO NEVES BARRETO (102,309)","CLÁUDIO BOMFIM DE CASTRO E SILVA (100,418)","MARCELO RIBEIRO FREIXO (79,794)"
2022,Senador,326508,15,"ALESSANDRO LUCCIOLA MOLON (96,149)","ROMÁRIO DE SOUZA FARIA (65,204)","DANIEL LUCIO DA SILVEIRA (58,636)"
2024,Vereador,307857,320,"DOUGLAS DE SOUZA GOMES (16,369)","VOTO NULO (13,149)","VOTO BRANCO (10,940)"
2024,Prefeito,597654,9,"RODRIGO NEVES BARRETO (292,131)","CARLOS ROBERTO COELHO DE MATTOS JUNIOR (216,716)","TALÍRIA PETRONE SOARES (35,498)"
